event_slug,event_name,promoter,event_date,arm,weight_class,athlete_a,athlete_b,score_a,score_b,status,video_id,bout
east-vs-west-22,East vs West 22,East vs West,2026-02-28,left,Over 115 kg,Logan Bittinger,Eldar Bubenko,0,3,completed,wjKtUeY4bGw,
east-vs-west-22,East vs West 22,East vs West,2026-02-28,left,Up to 60 kg,Carolina Pettersson,Esra Kiraz,1,3,completed,v_LxfciH1P4,
east-vs-west-22,East vs West 22,East vs West,2026-02-28,left,Up to 85 kg,Luka Tsinadze,Iliya Saidov,3,0,completed,MSReE-00Ii8,
east-vs-west-22,East vs West 22,East vs West,2026-02-28,right,Up to 105 kg,Curtis Cameron,Peter Čeleš,0,3,completed,eSJ-qCr6hvQ,
east-vs-west-22,East vs West 22,East vs West,2026-02-28,right,Up to 105 kg,Nugzari Chikadze,Bogdan Stoica,3,2,completed,Ezj3oEKf5XE,
east-vs-west-22,East vs West 22,East vs West,2026-02-28,right,Up to 85 kg,Vladislavs Krasovskis,Oleksandr Telyatnik,0,3,completed,Iuz6ST8REVc,
east-vs-west-22,East vs West 22,East vs West,2026-02-28,right,Over 115 kg,Efe Komek,Tarkhan Muzaffarov,3,0,completed,cxZc6dEOG60,
east-vs-west-22,East vs West 22,East vs West,2026-02-28,right,Up to 115 kg,Matt Mask,Davit Arabuli,3,0,completed,gLSdyjA9dEg,
east-vs-west-22,East vs West 22,East vs West,2026-02-28,right,Up to 70 kg,Fia Reisek,Brigitta Ivanfi,4,0,completed,axOrD8GgT5U,
east-vs-west-22,East vs West 22,East vs West,2026-02-28,right,Up to 115 kg,Serhii Kalinichenko,Yordan Tsonev,0,3,completed,nWxA8YprsuI,
east-vs-west-22,East vs West 22,East vs West,2026-02-28,right,Over 115 kg,Kamil Jablonski,Michael Todd,3,0,completed,REKkIjOr_fs,
east-vs-west-22,East vs West 22,East vs West,2026-02-28,right,Up to 105 kg,Oleg Petrenko,Todd Hutchings,4,0,completed,1y94C3SmMbA,
east-vs-west-22,East vs West 22,East vs West,2026-02-28,left,Over 115 kg,Devon Larratt,Vitalii Laletin,0,4,completed,B_-u3LQtX_I,
east-vs-west-23,East vs West 23,East vs West,2026-04-18,right,Over 115 kg,Duvan Bornman,André Nykonenko,3,1,completed,66r-YIlhxOw,
east-vs-west-23,East vs West 23,East vs West,2026-04-18,right,Up to 77 kg,Aleksi Zavrashvili,Artem Oriabinskyi,3,0,completed,njMswgvZ_Q8,
east-vs-west-23,East vs West 23,East vs West,2026-04-18,left,Up to 95 kg,Zurab Tavberidze,Maayan Shterengas,3,2,completed,XQWxJDQyzjQ,
east-vs-west-23,East vs West 23,East vs West,2026-04-18,right,Over 115 kg,Riekerd Bornman,Lars Rørbakken,3,0,completed,aulhs6sJrrY,
east-vs-west-23,East vs West 23,East vs West,2026-04-18,left,Over 80 kg,Egle Vaitkute,Azra Sari,3,0,completed,8CQKX0UnfFo,
east-vs-west-23,East vs West 23,East vs West,2026-04-18,left,Up to 95 kg,Betkili Oniani,Rustam Babaiev,3,0,completed,045eo-3JRSo,
east-vs-west-23,East vs West 23,East vs West,2026-04-18,left,Up to 105 kg,Aymeric Pradines,Matt Mask,3,0,completed,QEpHS1Q8BFQ,
east-vs-west-23,East vs West 23,East vs West,2026-04-18,right,Up to 60 kg,Ayane Takenaka,Melek Sahin,4,0,completed,l-sVDY4AVAc,
east-vs-west-23,East vs West 23,East vs West,2026-04-18,left,Over 115 kg,Alizhan Muratov,Artyom Morozov,3,0,completed,Ih3gtAyU69A,
east-vs-west-23,East vs West 23,East vs West,2026-04-18,right,Up to 77 kg,Artur Makarov,Mindaugas Tarasaitis,4,0,completed,onz9Rpzs04E,
east-vs-west-23,East vs West 23,East vs West,2026-04-18,right,Up to 85 kg,Oleksandr Telyatnik,Davit Samushia,4,0,completed,Td05qj8uAvA,
east-vs-west-23,East vs West 23,East vs West,2026-04-18,right,Up to 115 kg,Ivan Matyushenko,Dave Chaffee,4,1,completed,B7BRhWp-Keg,
east-vs-west-23,East vs West 23,East vs West,2026-04-18,right,Over 115 kg,Leonidas Arkona,Brian Shaw,3,2,completed,uyqzfkRxnTQ,
east-vs-west-23,East vs West 23,East vs West,2026-04-18,right,Over 115 kg,Devon Larratt,Vitalii Laletin,4,1,completed,Z2H4K5bojA4,
east-vs-west-24,East vs West 24,East vs West,2026-06-06,right,Up to 85 kg,Bob Brown,Isaiah Jones,3,0,completed,JQ89iCq4sRI,
east-vs-west-24,East vs West 24,East vs West,2026-06-06,right,Up to 77 kg,Courtney Huycke,Nastasia Pastorkova,3,1,completed,,
east-vs-west-24,East vs West 24,East vs West,2026-06-06,right,Up to 95 kg,Ryan Belanger,Jason Merlo,3,0,completed,,
east-vs-west-24,East vs West 24,East vs West,2026-06-06,right,Up to 115 kg,Jeremy Parker,Auden Larratt,3,1,completed,,
east-vs-west-24,East vs West 24,East vs West,2026-06-06,right,Up to 105 kg,Irakli Zirakashvili,Yoshinobu Kanai,3,0,completed,,
east-vs-west-24,East vs West 24,East vs West,2026-06-06,right,Up to 95 kg,Adam Wawrzynski,Peter Čeleš,3,1,completed,,
east-vs-west-24,East vs West 24,East vs West,2026-06-06,right,Up to 77 kg,Tom Holland,Justin Bishop,3,1,completed,,
east-vs-west-24,East vs West 24,East vs West,2026-06-06,right,Up to 85 kg,Janis Amolins,Craig Tullier,3,0,completed,vVmH2rRGyiQ,
east-vs-west-24,East vs West 24,East vs West,2026-06-06,left,Open category,Corey West,Pavlo Derbedyenyev,3,0,completed,,
east-vs-west-24,East vs West 24,East vs West,2026-06-06,left,Open category,Jerry Cadorette,Kody Merritt,3,1,completed,,
east-vs-west-24,East vs West 24,East vs West,2026-06-06,left,Open category,Tobias Sporrong,Alex Kurdecha,3,0,completed,,
east-vs-west-24,East vs West 24,East vs West,2026-06-06,right,Open category,Riekerd Bornman,Alizhan Muratov,3,0,completed,qOin6KD0ZxU,
east-vs-west-24,East vs West 24,East vs West,2026-06-06,right,Up to 95 kg,Bogdan Stoica,Todd Hutchings,4,1,completed,LHC5z3LyN9E,
east-vs-west-24,East vs West 24,East vs West,2026-06-06,right,Open category,Artyom Morozov,Ermes Gasparini,4,1,completed,DL0fEGGKyew,
east-vs-west-24,East vs West 24,East vs West,2026-06-06,right,Up to 105 kg,Michael Todd,Oleg Petrenko,4,0,completed,Q7O62eQTYPM,
east-vs-west-25,East vs West 25,East vs West,2026-08-01,right,Up to 85 kg,Vladislavs Krasovskis,Artem Popov,3,0,completed,0mmm0qQa0SA,
east-vs-west-25,East vs West 25,East vs West,2026-08-01,right,Up to 85 kg,Tim Tallmadge,Vala Ichkiti,3,0,completed,vkhBHWm_-wQ,
east-vs-west-25,East vs West 25,East vs West,2026-08-01,right,Up to 95 kg,Zurab Tavberidze,Ryan Belanger,3,0,completed,ghzzAtPXKXw,
east-vs-west-25,East vs West 25,East vs West,2026-08-01,right,Open category,Gabriela Vasconcelos,Irina Driaeva,3,0,completed,GBqB-TZd5jM,
east-vs-west-25,East vs West 25,East vs West,2026-08-01,right,Up to 95 kg,Adam Wawrzynski,Nurdaulet Aidarkhan,3,2,completed,QkaX_DJmYYs,
east-vs-west-25,East vs West 25,East vs West,2026-08-01,right,Up to 95 kg,Eldar Bubenko,Paul Linn,3,0,completed,Q_QzX8tP-2U,
east-vs-west-25,East vs West 25,East vs West,2026-08-01,left,Up to 77 kg,Daniel Procopciuc,Vachagan Hovhannisyan,4,0,completed,aaIgcr0wHaU,
east-vs-west-25,East vs West 25,East vs West,2026-08-01,right,Up to 105 kg,Krasimir Kostadinov,Nugzari Chikadze,3,0,completed,m-8JvmVGtLU,
east-vs-west-25,East vs West 25,East vs West,2026-08-01,right,Up to 115 kg,Ibragim Sagov,Yordan Tsonev,3,0,completed,cqm0phYqaWU,
east-vs-west-25,East vs West 25,East vs West,2026-08-01,left,Up to 85 kg,Oleh Zhokh,Luka Tsinadze,4,0,completed,WyfC4Slcn7Y,
east-vs-west-25,East vs West 25,East vs West,2026-08-01,right,Over 115 kg,Kamil Jablonski,Georgi Tsvetkov,4,2,completed,Xl7Mg7WwOL0,
east-vs-west-25,East vs West 25,East vs West,2026-08-01,left,Over 115 kg,Vitalii Laletin,Alizhan Muratov,4,0,completed,6Ppas0vsMZ8,
east-vs-west-25,East vs West 25,East vs West,2026-08-01,right,Up to 77 kg,Zhuo Xiaohai,Aleksandre Koshadze,0,2,completed,RKGWzlYKq0o,
east-vs-west-25,East vs West 25,East vs West,2026-08-01,right,Over 115 kg,Daniyar Roman,Grigorii Liashchuk,2,1,completed,7vNJITTCB0s,
east-vs-west-25,East vs West 25,East vs West,2026-08-01,left,Up to 95 kg,Oleksandr Telyatnik,Omer Dror,2,0,completed,GtR7HXtACZQ,
